Year,Recession_Months,Avg_Sales_Non_Recession,Avg_Sales_Recession,Sales_Difference
2015,0,131.02553307161548,,
2016,0,133.64741678813425,,
2017,0,148.8574743590197,,
2018,0,140.64746398776538,,
2019,0,142.38972428502444,,
2020,180,124.64479850059512,64.3032001895554,60.34159831103972
2021,123,145.94755804485743,65.35138446499472,80.59617357986271
2022,0,154.88420105666086,,
2023,0,156.0391489171027,,
