Vehicle_Type,Count,Total_Sales,Avg_Sales,Total_Revenue
SUV,521,77637.62271396493,149.01655031471196,2669012.64
Sedan,396,49595.389450429284,125.240882450579,1216540.99
Truck,299,39438.95767128118,131.90286846582336,1570445.36
Electric,155,23227.094214632638,149.8522207395654,1078355.34
Hybrid,147,21702.80956121004,147.6381602803404,592624.0
Hatchback,192,21313.140056763634,111.00593779564393,421417.86
Coupe,200,20332.096007355973,101.66048003677986,583786.16
Van,90,10680.686976873836,118.67429974304262,326521.6
